{
   "Mean Squared Error (on normalised data)": 0.03967418836520653,
   "Mean Absolute Error (on normalised data)": 0.1096047899729171
}